{"cameraMode":{"drawMode":0,"name":"Shaded","section":"Shading Mode"},"sceneLighting":false,"audioPlay":false,"sceneViewState":{"showFog":true,"showMaterialUpdate":false,"showSkybox":false,"showFlares":true,"showImageEffects":true,"showParticleSystems":true},"in2DMode":false,"pivot":{"x":0.04443308711051941,"y":-0.8772308826446533,"z":15.807273864746094},"rotation":{"x":0.09284553676843643,"y":-0.020907718688249589,"z":0.0019500425551086665,"w":0.995459258556366},"size":6.031335830688477,"orthographic":false}